{"mapping_format": "path", "name": "Tank_base", "parameters": [{"type": "vec3", "data": [0.588, 0.588, 0.588], "name": "ambient"}, {"type": "texture", "data": "../1434694/tank_base_D.png", "name": "diffuseMap"}, {"type": "vec3", "data": [0.9, 0.9, 0.9], "name": "specular"}, {"type": "float", "data": 1024, "name": "shininess"}, {"type": "texture", "data": "../1434696/tank_base_E.png", "name": "emissiveMap"}, {"type": "texture", "data": "../1434695/tank_base_N.png", "name": "normalMap"}, {"type": "float", "data": 0.3, "name": "bumpMapFactor"}, {"type": "float", "data": 1, "name": "opacity"}, {"type": "texture", "data": "../1434693/env_01.png", "name": "sphereMap"}, {"type": "float", "data": 0.1, "name": "reflectivity"}, {"data": 3, "type": "float", "name": "blendType"}], "shader": "phong"}
