{"mapping_format": "path", "name": "Gun_turret", "parameters": [{"type": "vec3", "data": [0.784314, 0.784314, 0.784314], "name": "ambient"}, {"type": "texture", "data": "../1434690/gun_turret_D.png", "name": "diffuseMap"}, {"type": "vec3", "data": [0.9, 0.9, 0.9], "name": "specular"}, {"type": "float", "data": 1024, "name": "shininess"}, {"type": "texture", "data": "../1434692/gun_turret_E.png", "name": "emissiveMap"}, {"type": "texture", "data": "../1434691/gun_turret_N.png", "name": "normalMap"}, {"type": "float", "data": 0.3, "name": "bumpMapFactor"}, {"type": "float", "data": 1, "name": "opacity"}, {"type": "texture", "data": "../1434693/env_01.png", "name": "sphereMap"}, {"type": "float", "data": 0.1, "name": "reflectivity"}, {"data": 3, "type": "float", "name": "blendType"}], "shader": "phong"}
