{
    "info": {
        "aa": 1,
        "bold": 0,
        "spacing": [0, 0],
        "outline": 0,
        "smooth": 1,
        "stretchH": 100,
        "face": "BoomBox 2",
        "padding": [2, 2, 2, 2],
        "italic": 0,
        "size": 144
    },
    "chars": {
        "93": {
            "chnl": 15,
            "height": 127,
            "width": 37,
            "xadvance": 53,
            "y": 836,
            "x": 265,
            "yoffset": 3,
            "id": 93,
            "xoffset": 8,
            "page": 0
        },
        "77": {
            "chnl": 15,
            "height": 127,
            "width": 127,
            "xadvance": 145,
            "y": 391,
            "x": 551,
            "yoffset": 3,
            "id": 77,
            "xoffset": 10,
            "page": 0
        },
        "66": {
            "chnl": 15,
            "height": 127,
            "width": 127,
            "xadvance": 145,
            "y": 2,
            "x": 1213,
            "yoffset": 3,
            "id": 66,
            "xoffset": 10,
            "page": 0
        },
        "125": {
            "chnl": 15,
            "height": 127,
            "width": 44,
            "xadvance": 55,
            "y": 776,
            "x": 377,
            "yoffset": 3,
            "id": 125,
            "xoffset": 7,
            "page": 0
        },
        "67": {
            "chnl": 15,
            "height": 127,
            "width": 113,
            "xadvance": 122,
            "y": 2,
            "x": 1342,
            "yoffset": 3,
            "id": 67,
            "xoffset": 9,
            "page": 0
        },
        "36": {
            "chnl": 15,
            "height": 127,
            "width": 99,
            "xadvance": 121,
            "y": 778,
            "x": 2,
            "yoffset": 3,
            "id": 36,
            "xoffset": 12,
            "page": 0
        },
        "115": {
            "chnl": 15,
            "height": 127,
            "width": 113,
            "xadvance": 128,
            "y": 260,
            "x": 218,
            "yoffset": 3,
            "id": 115,
            "xoffset": 9,
            "page": 0
        },
        "114": {
            "chnl": 15,
            "height": 127,
            "width": 113,
            "xadvance": 132,
            "y": 260,
            "x": 103,
            "yoffset": 3,
            "id": 114,
            "xoffset": 11,
            "page": 0
        },
        "117": {
            "chnl": 15,
            "height": 127,
            "width": 113,
            "xadvance": 131,
            "y": 260,
            "x": 462,
            "yoffset": 3,
            "id": 117,
            "xoffset": 10,
            "page": 0
        },
        "116": {
            "chnl": 15,
            "height": 127,
            "width": 127,
            "xadvance": 122,
            "y": 260,
            "x": 333,
            "yoffset": 3,
            "id": 116,
            "xoffset": -1,
            "page": 0
        },
        "111": {
            "chnl": 15,
            "height": 127,
            "width": 127,
            "xadvance": 143,
            "y": 131,
            "x": 532,
            "yoffset": 3,
            "id": 111,
            "xoffset": 9,
            "page": 0
        },
        "110": {
            "chnl": 15,
            "height": 127,
            "width": 127,
            "xadvance": 146,
            "y": 131,
            "x": 403,
            "yoffset": 3,
            "id": 110,
            "xoffset": 11,
            "page": 0
        },
        "113": {
            "chnl": 15,
            "height": 141,
            "width": 127,
            "xadvance": 143,
            "y": 131,
            "x": 773,
            "yoffset": 3,
            "id": 113,
            "xoffset": 9,
            "page": 0
        },
        "112": {
            "chnl": 15,
            "height": 127,
            "width": 110,
            "xadvance": 125,
            "y": 131,
            "x": 661,
            "yoffset": 3,
            "id": 112,
            "xoffset": 11,
            "page": 0
        },
        "68": {
            "chnl": 15,
            "height": 127,
            "width": 127,
            "xadvance": 145,
            "y": 2,
            "x": 1457,
            "yoffset": 3,
            "id": 68,
            "xoffset": 11,
            "page": 0
        },
        "69": {
            "chnl": 15,
            "height": 127,
            "width": 127,
            "xadvance": 145,
            "y": 2,
            "x": 1586,
            "yoffset": 3,
            "id": 69,
            "xoffset": 10,
            "page": 0
        },
        "80": {
            "chnl": 15,
            "height": 127,
            "width": 124,
            "xadvance": 139,
            "y": 274,
            "x": 929,
            "yoffset": 3,
            "id": 80,
            "xoffset": 11,
            "page": 0
        },
        "81": {
            "chnl": 15,
            "height": 141,
            "width": 127,
            "xadvance": 142,
            "y": 518,
            "x": 190,
            "yoffset": 3,
            "id": 81,
            "xoffset": 9,
            "page": 0
        },
        "119": {
            "chnl": 15,
            "height": 129,
            "width": 186,
            "xadvance": 181,
            "y": 389,
            "x": 2,
            "yoffset": 3,
            "id": 119,
            "xoffset": -1,
            "page": 0
        },
        "118": {
            "chnl": 15,
            "height": 129,
            "width": 120,
            "xadvance": 114,
            "y": 260,
            "x": 577,
            "yoffset": 3,
            "id": 118,
            "xoffset": -2,
            "page": 0
        },
        "84": {
            "chnl": 15,
            "height": 127,
            "width": 127,
            "xadvance": 122,
            "y": 518,
            "x": 319,
            "yoffset": 3,
            "id": 84,
            "xoffset": -1,
            "page": 0
        },
        "85": {
            "chnl": 15,
            "height": 130,
            "width": 127,
            "xadvance": 145,
            "y": 520,
            "x": 448,
            "yoffset": 3,
            "id": 85,
            "xoffset": 10,
            "page": 0
        },
        "95": {
            "chnl": 15,
            "height": 30,
            "width": 78,
            "xadvance": 0,
            "y": 262,
            "x": 2,
            "yoffset": 100,
            "id": 95,
            "xoffset": -38,
            "page": 0
        },
        "76": {
            "chnl": 15,
            "height": 127,
            "width": 113,
            "xadvance": 119,
            "y": 274,
            "x": 699,
            "yoffset": 3,
            "id": 76,
            "xoffset": 10,
            "page": 0
        },
        "63": {
            "chnl": 15,
            "height": 127,
            "width": 99,
            "xadvance": 107,
            "y": 276,
            "x": 1055,
            "yoffset": 3,
            "id": 63,
            "xoffset": 3,
            "page": 0
        },
        "79": {
            "chnl": 15,
            "height": 127,
            "width": 127,
            "xadvance": 143,
            "y": 403,
            "x": 680,
            "yoffset": 3,
            "id": 79,
            "xoffset": 9,
            "page": 0
        },
        "86": {
            "chnl": 15,
            "height": 129,
            "width": 150,
            "xadvance": 145,
            "y": 131,
            "x": 1342,
            "yoffset": 3,
            "id": 86,
            "xoffset": -1,
            "page": 0
        },
        "82": {
            "chnl": 15,
            "height": 127,
            "width": 131,
            "xadvance": 148,
            "y": 520,
            "x": 2,
            "yoffset": 3,
            "id": 82,
            "xoffset": 11,
            "page": 0
        },
        "45": {
            "chnl": 15,
            "height": 30,
            "width": 57,
            "xadvance": 61,
            "y": 406,
            "x": 809,
            "yoffset": 51,
            "id": 45,
            "xoffset": 3,
            "page": 0
        },
        "42": {
            "chnl": 15,
            "height": 41,
            "width": 42,
            "xadvance": 45,
            "y": 133,
            "x": 103,
            "yoffset": 3,
            "id": 42,
            "xoffset": 3,
            "page": 0
        },
        "43": {
            "chnl": 15,
            "height": 75,
            "width": 78,
            "xadvance": 121,
            "y": 294,
            "x": 2,
            "yoffset": 32,
            "id": 43,
            "xoffset": 23,
            "page": 0
        },
        "40": {
            "chnl": 15,
            "height": 127,
            "width": 37,
            "xadvance": 54,
            "y": 403,
            "x": 929,
            "yoffset": 3,
            "id": 40,
            "xoffset": 10,
            "page": 0
        },
        "87": {
            "chnl": 15,
            "height": 129,
            "width": 217,
            "xadvance": 211,
            "y": 131,
            "x": 1494,
            "yoffset": 3,
            "id": 87,
            "xoffset": -1,
            "page": 0
        },
        "46": {
            "chnl": 15,
            "height": 30,
            "width": 30,
            "xadvance": 34,
            "y": 176,
            "x": 103,
            "yoffset": 100,
            "id": 46,
            "xoffset": 3,
            "page": 0
        },
        "97": {
            "chnl": 15,
            "height": 129,
            "width": 147,
            "xadvance": 142,
            "y": 2,
            "x": 2,
            "yoffset": 1,
            "id": 97,
            "xoffset": -1,
            "page": 0
        },
        "64": {
            "chnl": 15,
            "height": 126,
            "width": 126,
            "xadvance": 138,
            "y": 578,
            "x": 680,
            "yoffset": 4,
            "id": 64,
            "xoffset": 7,
            "page": 0
        },
        "78": {
            "chnl": 15,
            "height": 130,
            "width": 113,
            "xadvance": 131,
            "y": 274,
            "x": 814,
            "yoffset": 0,
            "id": 78,
            "xoffset": 10,
            "page": 0
        },
        "123": {
            "chnl": 15,
            "height": 127,
            "width": 44,
            "xadvance": 55,
            "y": 790,
            "x": 219,
            "yoffset": 3,
            "id": 123,
            "xoffset": 6,
            "page": 0
        },
        "75": {
            "chnl": 15,
            "height": 127,
            "width": 133,
            "xadvance": 141,
            "y": 145,
            "x": 902,
            "yoffset": 3,
            "id": 75,
            "xoffset": 11,
            "page": 0
        },
        "89": {
            "chnl": 15,
            "height": 127,
            "width": 127,
            "xadvance": 138,
            "y": 647,
            "x": 319,
            "yoffset": 3,
            "id": 89,
            "xoffset": 6,
            "page": 0
        },
        "8470": {
            "chnl": 15,
            "height": 130,
            "width": 65,
            "xadvance": 72,
            "y": 2,
            "x": 1959,
            "yoffset": 0,
            "id": 8470,
            "xoffset": 4,
            "page": 0
        },
        "83": {
            "chnl": 15,
            "height": 127,
            "width": 140,
            "xadvance": 142,
            "y": 649,
            "x": 2,
            "yoffset": 3,
            "id": 83,
            "xoffset": 9,
            "page": 0
        },
        "94": {
            "chnl": 15,
            "height": 49,
            "width": 70,
            "xadvance": 83,
            "y": 776,
            "x": 305,
            "yoffset": 42,
            "id": 94,
            "xoffset": 7,
            "page": 0
        },
        "99": {
            "chnl": 15,
            "height": 127,
            "width": 113,
            "xadvance": 123,
            "y": 2,
            "x": 266,
            "yoffset": 3,
            "id": 99,
            "xoffset": 9,
            "page": 0
        },
        "98": {
            "chnl": 15,
            "height": 127,
            "width": 113,
            "xadvance": 131,
            "y": 2,
            "x": 151,
            "yoffset": 3,
            "id": 98,
            "xoffset": 11,
            "page": 0
        },
        "108": {
            "chnl": 15,
            "height": 127,
            "width": 99,
            "xadvance": 106,
            "y": 133,
            "x": 2,
            "yoffset": 3,
            "id": 108,
            "xoffset": 11,
            "page": 0
        },
        "109": {
            "chnl": 15,
            "height": 127,
            "width": 141,
            "xadvance": 160,
            "y": 131,
            "x": 260,
            "yoffset": 3,
            "id": 109,
            "xoffset": 11,
            "page": 0
        },
        "73": {
            "chnl": 15,
            "height": 127,
            "width": 30,
            "xadvance": 49,
            "y": 389,
            "x": 519,
            "yoffset": 3,
            "id": 73,
            "xoffset": 11,
            "page": 0
        },
        "72": {
            "chnl": 15,
            "height": 127,
            "width": 127,
            "xadvance": 146,
            "y": 131,
            "x": 1213,
            "yoffset": 3,
            "id": 72,
            "xoffset": 11,
            "page": 0
        },
        "71": {
            "chnl": 15,
            "height": 127,
            "width": 127,
            "xadvance": 144,
            "y": 2,
            "x": 1830,
            "yoffset": 3,
            "id": 71,
            "xoffset": 9,
            "page": 0
        },
        "70": {
            "chnl": 15,
            "height": 127,
            "width": 113,
            "xadvance": 127,
            "y": 2,
            "x": 1715,
            "yoffset": 3,
            "id": 70,
            "xoffset": 10,
            "page": 0
        },
        "102": {
            "chnl": 15,
            "height": 127,
            "width": 106,
            "xadvance": 120,
            "y": 2,
            "x": 611,
            "yoffset": 3,
            "id": 102,
            "xoffset": 11,
            "page": 0
        },
        "103": {
            "chnl": 15,
            "height": 127,
            "width": 120,
            "xadvance": 135,
            "y": 2,
            "x": 719,
            "yoffset": 3,
            "id": 103,
            "xoffset": 9,
            "page": 0
        },
        "100": {
            "chnl": 15,
            "height": 127,
            "width": 113,
            "xadvance": 131,
            "y": 2,
            "x": 381,
            "yoffset": 3,
            "id": 100,
            "xoffset": 11,
            "page": 0
        },
        "101": {
            "chnl": 15,
            "height": 127,
            "width": 113,
            "xadvance": 129,
            "y": 2,
            "x": 496,
            "yoffset": 3,
            "id": 101,
            "xoffset": 11,
            "page": 0
        },
        "106": {
            "chnl": 15,
            "height": 141,
            "width": 74,
            "xadvance": 84,
            "y": 2,
            "x": 988,
            "yoffset": 3,
            "id": 106,
            "xoffset": 1,
            "page": 0
        },
        "107": {
            "chnl": 15,
            "height": 127,
            "width": 107,
            "xadvance": 114,
            "y": 131,
            "x": 151,
            "yoffset": 3,
            "id": 107,
            "xoffset": 10,
            "page": 0
        },
        "104": {
            "chnl": 15,
            "height": 127,
            "width": 113,
            "xadvance": 132,
            "y": 2,
            "x": 841,
            "yoffset": 3,
            "id": 104,
            "xoffset": 11,
            "page": 0
        },
        "105": {
            "chnl": 15,
            "height": 127,
            "width": 30,
            "xadvance": 49,
            "y": 2,
            "x": 956,
            "yoffset": 3,
            "id": 105,
            "xoffset": 11,
            "page": 0
        },
        "91": {
            "chnl": 15,
            "height": 127,
            "width": 37,
            "xadvance": 53,
            "y": 827,
            "x": 305,
            "yoffset": 3,
            "id": 91,
            "xoffset": 11,
            "page": 0
        },
        "120": {
            "chnl": 15,
            "height": 127,
            "width": 111,
            "xadvance": 107,
            "y": 389,
            "x": 190,
            "yoffset": 3,
            "id": 120,
            "xoffset": -1,
            "page": 0
        },
        "39": {
            "chnl": 15,
            "height": 44,
            "width": 30,
            "xadvance": 34,
            "y": 438,
            "x": 809,
            "yoffset": 3,
            "id": 39,
            "xoffset": 3,
            "page": 0
        },
        "38": {
            "chnl": 15,
            "height": 127,
            "width": 114,
            "xadvance": 125,
            "y": 790,
            "x": 103,
            "yoffset": 3,
            "id": 38,
            "xoffset": 10,
            "page": 0
        },
        "59": {
            "chnl": 15,
            "height": 93,
            "width": 30,
            "xadvance": 41,
            "y": 661,
            "x": 273,
            "yoffset": 51,
            "id": 59,
            "xoffset": 6,
            "page": 0
        },
        "58": {
            "chnl": 15,
            "height": 78,
            "width": 30,
            "xadvance": 41,
            "y": 756,
            "x": 273,
            "yoffset": 51,
            "id": 58,
            "xoffset": 6,
            "page": 0
        },
        "121": {
            "chnl": 15,
            "height": 127,
            "width": 106,
            "xadvance": 115,
            "y": 389,
            "x": 303,
            "yoffset": 3,
            "id": 121,
            "xoffset": 6,
            "page": 0
        },
        "33": {
            "chnl": 15,
            "height": 127,
            "width": 30,
            "xadvance": 49,
            "y": 520,
            "x": 135,
            "yoffset": 3,
            "id": 33,
            "xoffset": 11,
            "page": 0
        },
        "32": {
            "chnl": 15,
            "height": 0,
            "width": 0,
            "xadvance": 50,
            "y": 0,
            "x": 0,
            "yoffset": 3,
            "id": 32,
            "xoffset": 8,
            "page": 0
        },
        "37": {
            "chnl": 15,
            "height": 127,
            "width": 101,
            "xadvance": 121,
            "y": 520,
            "x": 577,
            "yoffset": 3,
            "id": 37,
            "xoffset": 11,
            "page": 0
        },
        "122": {
            "chnl": 15,
            "height": 127,
            "width": 106,
            "xadvance": 117,
            "y": 389,
            "x": 411,
            "yoffset": 3,
            "id": 122,
            "xoffset": 6,
            "page": 0
        },
        "35": {
            "chnl": 15,
            "height": 127,
            "width": 227,
            "xadvance": 241,
            "y": 652,
            "x": 448,
            "yoffset": 3,
            "id": 35,
            "xoffset": 11,
            "page": 0
        },
        "34": {
            "chnl": 15,
            "height": 44,
            "width": 72,
            "xadvance": 75,
            "y": 532,
            "x": 680,
            "yoffset": 3,
            "id": 34,
            "xoffset": 3,
            "page": 0
        },
        "41": {
            "chnl": 15,
            "height": 127,
            "width": 37,
            "xadvance": 54,
            "y": 403,
            "x": 968,
            "yoffset": 3,
            "id": 41,
            "xoffset": 9,
            "page": 0
        },
        "74": {
            "chnl": 15,
            "height": 141,
            "width": 116,
            "xadvance": 128,
            "y": 133,
            "x": 1064,
            "yoffset": 3,
            "id": 74,
            "xoffset": 4,
            "page": 0
        },
        "88": {
            "chnl": 15,
            "height": 127,
            "width": 131,
            "xadvance": 127,
            "y": 260,
            "x": 1182,
            "yoffset": 3,
            "id": 88,
            "xoffset": -1,
            "page": 0
        },
        "47": {
            "chnl": 15,
            "height": 127,
            "width": 101,
            "xadvance": 95,
            "y": 486,
            "x": 809,
            "yoffset": 3,
            "id": 47,
            "xoffset": -1,
            "page": 0
        },
        "61": {
            "chnl": 15,
            "height": 78,
            "width": 58,
            "xadvance": 121,
            "y": 406,
            "x": 868,
            "yoffset": 27,
            "id": 61,
            "xoffset": 33,
            "page": 0
        },
        "124": {
            "chnl": 15,
            "height": 127,
            "width": 30,
            "xadvance": 49,
            "y": 403,
            "x": 1007,
            "yoffset": 3,
            "id": 124,
            "xoffset": 11,
            "page": 0
        },
        "44": {
            "chnl": 15,
            "height": 44,
            "width": 30,
            "xadvance": 38,
            "y": 208,
            "x": 103,
            "yoffset": 100,
            "id": 44,
            "xoffset": 3,
            "page": 0
        },
        "90": {
            "chnl": 15,
            "height": 127,
            "width": 127,
            "xadvance": 136,
            "y": 661,
            "x": 144,
            "yoffset": 3,
            "id": 90,
            "xoffset": 6,
            "page": 0
        },
        "65": {
            "chnl": 15,
            "height": 129,
            "width": 147,
            "xadvance": 142,
            "y": 2,
            "x": 1064,
            "yoffset": 1,
            "id": 65,
            "xoffset": -1,
            "page": 0
        }
    },
    "page": {
        "id": 0,
        "file": "boombox_144.png"
    },
    "common": {
        "scaleW": 2048,
        "base": 128,
        "lineHeight": 178,
        "scaleH": 2048,
        "pages": 1,
        "packed": 0
    },
    "kernings": {
        "122": {
            "39": 12,
            "46": 12,
            "47": 6,
            "44": 12,
            "45": -5,
            "42": 11,
            "34": 12,
            "120": 9,
            "88": 9,
            "116": 6,
            "125": 4,
            "84": 4
        },
        "113": {
            "39": 8,
            "59": 4,
            "58": 5,
            "46": 8,
            "44": 6,
            "45": 9,
            "42": 6,
            "34": 8,
            "116": 6,
            "125": 4,
            "119": 4,
            "84": 4
        },
        "125": {
            "39": 5,
            "59": 7,
            "46": 5,
            "47": -5,
            "44": 5,
            "45": 13,
            "34": 5
        },
        "112": {
            "39": 12,
            "46": -32,
            "47": -27,
            "44": -34,
            "45": 12,
            "42": 10,
            "34": 12,
            "120": -6,
            "88": -7,
            "74": -49,
            "65": -20,
            "66": -4,
            "82": -4,
            "80": -4,
            "106": -35,
            "97": -20
        },
        "104": {
            "39": 8,
            "46": 8,
            "47": 5,
            "44": 8,
            "45": 8,
            "42": 6,
            "34": 8,
            "120": 8,
            "88": 8,
            "74": -4,
            "116": 5
        },
        "82": {
            "59": 5,
            "58": 5,
            "46": 10,
            "47": 7,
            "44": 10,
            "120": 9,
            "88": 9,
            "74": -4,
            "89": -5,
            "125": 4,
            "86": -5,
            "87": -5,
            "79": -4
        },
        "88": {
            "39": 10,
            "59": 12,
            "58": 12,
            "46": 18,
            "47": 13,
            "44": 18,
            "34": 10,
            "64": -8,
            "125": 11
        },
        "63": {
            "39": 11,
            "46": -25,
            "47": -30,
            "45": 8,
            "42": 8,
            "34": 11,
            "120": -6,
            "88": -7,
            "74": -39,
            "65": -23,
            "66": -4,
            "82": -4,
            "80": -4,
            "106": -33,
            "97": -23
        },
        "64": {
            "106": -14,
            "118": -6,
            "120": -11,
            "88": -7,
            "74": -6,
            "97": -9,
            "65": -9,
            "86": -10,
            "87": -10,
            "84": -5
        },
        "65": {
            "89": -22,
            "64": -9,
            "67": -4,
            "81": -4,
            "119": -16,
            "118": -21,
            "84": -26,
            "86": -33,
            "63": -14,
            "46": 19,
            "47": 12,
            "44": 19,
            "42": -17,
            "87": -33,
            "98": 6,
            "93": 8,
            "79": -5,
            "39": -20,
            "59": 12,
            "58": 12,
            "121": -18,
            "34": -20,
            "116": -25
        },
        "66": {
            "39": 8,
            "59": 4,
            "58": 4,
            "46": 8,
            "44": 8,
            "45": 8,
            "42": 5,
            "34": 8,
            "74": -4,
            "116": 5
        },
        "67": {
            "39": 10,
            "116": 4,
            "46": 16,
            "47": 4,
            "44": 16,
            "45": -13,
            "42": 10,
            "34": 10,
            "74": -5,
            "64": -7,
            "82": -4,
            "80": -4,
            "84": -5
        },
        "68": {
            "39": 7,
            "59": 4,
            "58": 4,
            "46": 4,
            "47": -7,
            "44": 4,
            "45": 9,
            "34": 7,
            "120": -5,
            "74": -5,
            "106": -5,
            "65": -5,
            "86": -4,
            "87": -4,
            "97": -5
        },
        "69": {
            "112": -4,
            "115": -5,
            "117": -4,
            "89": -6,
            "110": -4,
            "66": -7,
            "69": -4,
            "68": -4,
            "83": -5,
            "80": -7,
            "84": -9,
            "85": -4,
            "46": 9,
            "44": 9,
            "45": 9,
            "104": -4,
            "105": -4,
            "77": -4,
            "98": -4,
            "75": -4,
            "74": -9,
            "73": -4,
            "72": -4,
            "70": -4,
            "102": -4,
            "100": -4,
            "101": -4,
            "79": -4,
            "78": -4,
            "76": -4,
            "108": -4,
            "109": -4
        },
        "80": {
            "115": -4,
            "88": -8,
            "89": -4,
            "65": -22,
            "66": -6,
            "82": -6,
            "83": -4,
            "80": -6,
            "86": -4,
            "87": -4,
            "46": -33,
            "47": -28,
            "44": -33,
            "45": 11,
            "42": 9,
            "120": -8,
            "74": -76,
            "106": -37,
            "97": -22,
            "39": 11,
            "59": -4,
            "58": -4,
            "34": 11
        },
        "81": {
            "39": 8,
            "59": 4,
            "58": 5,
            "46": 5,
            "47": -7,
            "45": 10,
            "34": 8,
            "120": -4,
            "74": -4,
            "65": -4,
            "86": -4,
            "87": -4,
            "97": -4
        },
        "86": {
            "39": 10,
            "81": -4,
            "59": -10,
            "58": -10,
            "46": -26,
            "47": -35,
            "44": -22,
            "42": 10,
            "41": 7,
            "74": -29,
            "64": -10,
            "65": -33,
            "67": -4,
            "97": -33,
            "34": 18,
            "106": -27,
            "79": -4
        },
        "87": {
            "39": 13,
            "59": -10,
            "58": -10,
            "46": -17,
            "47": -34,
            "44": -16,
            "42": 10,
            "34": 18,
            "74": -29,
            "64": -10,
            "65": -33,
            "67": -4,
            "97": -33,
            "93": 9,
            "81": -4,
            "106": -27,
            "79": -4
        },
        "84": {
            "113": 4,
            "112": 3,
            "82": -17,
            "117": 4,
            "63": 5,
            "64": -5,
            "65": -26,
            "66": -9,
            "103": 4,
            "68": 3,
            "69": 3,
            "80": -11,
            "119": 12,
            "100": 3,
            "85": 3,
            "46": -16,
            "47": -30,
            "44": -19,
            "45": -28,
            "42": 12,
            "41": 4,
            "116": 8,
            "77": 3,
            "76": 4,
            "75": 3,
            "74": -40,
            "73": 3,
            "72": -14,
            "71": 4,
            "70": 4,
            "102": 3,
            "90": -7,
            "93": 5,
            "101": 3,
            "106": -31,
            "107": 4,
            "97": -26,
            "78": 3,
            "118": 11,
            "99": 4,
            "39": 12,
            "59": -15,
            "58": -16,
            "121": 5,
            "98": 3,
            "122": 4,
            "34": 12,
            "89": -6,
            "114": 3,
            "111": 4,
            "125": 6
        },
        "85": {
            "39": 9,
            "58": 4,
            "46": 7,
            "47": -5,
            "44": 5,
            "45": 9,
            "42": 7,
            "34": 9,
            "74": -4,
            "116": 5
        },
        "123": {
            "88": 11,
            "63": 5,
            "111": 4,
            "65": 9,
            "113": 4,
            "90": 4,
            "119": 11,
            "118": 11,
            "84": 6,
            "46": 12,
            "47": 8,
            "44": 12,
            "45": 5,
            "42": 10,
            "99": 4,
            "121": 5,
            "122": 4,
            "71": 4,
            "103": 4,
            "106": 4,
            "97": 9,
            "120": 11,
            "39": 11,
            "59": 6,
            "58": 6,
            "34": 11,
            "116": 8
        },
        "46": {
            "113": 4,
            "115": 6,
            "88": 14,
            "63": -16,
            "111": 4,
            "65": 15,
            "66": 4,
            "103": 4,
            "83": 6,
            "86": -15,
            "87": -18,
            "84": -20,
            "46": 12,
            "47": 14,
            "44": 12,
            "45": -15,
            "42": -21,
            "41": 5,
            "116": -20,
            "119": -17,
            "120": 14,
            "77": 4,
            "121": -19,
            "122": 8,
            "74": 11,
            "125": 7,
            "71": 4,
            "70": 4,
            "90": 9,
            "93": 6,
            "106": 9,
            "107": 4,
            "97": 15,
            "78": 4,
            "118": -21,
            "99": 4,
            "39": -38,
            "59": 9,
            "58": 9,
            "34": -19,
            "89": -16
        },
        "47": {
            "122": 6,
            "125": 8,
            "112": 5,
            "104": 5,
            "102": 5,
            "117": 6,
            "89": 4,
            "65": -34,
            "67": -6,
            "68": 5,
            "83": -4,
            "81": -6,
            "86": 12,
            "87": 12,
            "84": 8,
            "85": 6,
            "123": -5,
            "46": -25,
            "47": -45,
            "44": -25,
            "45": -9,
            "42": 10,
            "41": 6,
            "116": 10,
            "97": -34,
            "100": 5,
            "120": 9,
            "76": 6,
            "75": 5,
            "74": -37,
            "73": 5,
            "72": 5,
            "91": 5,
            "90": 6,
            "93": 7,
            "101": 5,
            "106": -28,
            "107": 6,
            "79": -7,
            "105": 5,
            "118": 13,
            "39": 11,
            "59": -15,
            "58": -15,
            "121": 7,
            "98": 5,
            "108": 5,
            "35": 5,
            "34": 18,
            "109": 5,
            "114": 5,
            "110": 5
        },
        "44": {
            "115": 6,
            "88": 14,
            "63": -16,
            "111": 4,
            "65": 15,
            "66": 4,
            "103": 4,
            "83": 6,
            "81": -4,
            "86": -22,
            "87": -20,
            "84": -21,
            "46": 12,
            "47": 14,
            "44": 10,
            "45": -16,
            "42": -23,
            "41": 5,
            "116": -19,
            "119": -18,
            "120": 14,
            "77": 4,
            "121": -22,
            "122": 8,
            "74": 10,
            "125": 7,
            "71": 4,
            "70": 4,
            "90": 9,
            "93": 6,
            "106": 10,
            "107": 4,
            "97": 15,
            "78": 4,
            "118": -19,
            "99": 4,
            "39": -11,
            "59": 7,
            "58": 9,
            "34": -21,
            "89": -23
        },
        "45": {
            "122": -4,
            "113": 9,
            "112": 8,
            "115": 9,
            "82": 8,
            "117": 9,
            "63": -12,
            "111": 9,
            "110": 8,
            "66": 9,
            "67": 10,
            "68": 8,
            "69": 9,
            "80": 8,
            "81": 10,
            "119": 5,
            "100": 8,
            "84": -28,
            "85": 9,
            "123": 13,
            "46": -10,
            "47": -8,
            "44": -11,
            "45": 16,
            "42": -19,
            "40": 9,
            "116": -28,
            "104": 8,
            "105": 8,
            "109": 8,
            "83": 9,
            "120": -8,
            "77": 8,
            "76": 9,
            "75": 8,
            "74": -31,
            "73": 8,
            "72": 8,
            "71": 9,
            "70": 9,
            "91": 8,
            "90": -4,
            "93": 4,
            "101": 8,
            "102": 8,
            "107": 9,
            "79": 9,
            "78": 9,
            "99": 9,
            "39": -7,
            "59": 13,
            "58": 13,
            "121": 11,
            "98": 8,
            "108": 8,
            "34": -6,
            "89": 9,
            "106": -27,
            "114": 8,
            "103": 9,
            "125": 5
        },
        "42": {
            "122": 7,
            "125": 10,
            "112": 6,
            "115": 7,
            "102": 6,
            "117": 7,
            "63": 11,
            "111": 6,
            "65": -25,
            "113": 6,
            "83": 7,
            "68": 6,
            "69": 6,
            "86": 10,
            "87": 10,
            "84": 12,
            "85": 7,
            "46": -19,
            "47": -30,
            "44": -18,
            "45": -18,
            "42": 13,
            "40": 6,
            "41": 7,
            "116": 16,
            "104": 6,
            "105": 6,
            "119": 13,
            "109": 6,
            "120": 4,
            "100": 6,
            "77": 5,
            "76": 7,
            "75": 6,
            "74": -22,
            "73": 6,
            "72": 6,
            "71": 6,
            "70": 6,
            "91": 6,
            "90": 7,
            "93": 9,
            "101": 6,
            "106": -18,
            "107": 7,
            "97": -24,
            "78": 4,
            "118": 12,
            "99": 6,
            "39": 14,
            "59": -20,
            "58": -16,
            "121": 11,
            "98": 6,
            "108": 6,
            "35": 6,
            "34": 14,
            "89": 11,
            "114": 6,
            "103": 6,
            "110": 6
        },
        "40": {
            "118": 8,
            "39": 9,
            "59": 4,
            "58": 4,
            "46": 9,
            "47": 6,
            "44": 9,
            "42": 7,
            "119": 9,
            "34": 9,
            "120": 8,
            "88": 9,
            "74": -4,
            "116": 5,
            "86": 7,
            "87": 7,
            "84": 4
        },
        "41": {
            "39": 8,
            "59": 4,
            "58": 4,
            "46": 8,
            "44": 8,
            "45": 9,
            "42": 5,
            "34": 8
        },
        "116": {
            "122": 6,
            "125": 8,
            "112": 5,
            "115": 4,
            "114": 5,
            "117": 5,
            "63": 6,
            "111": 6,
            "65": -25,
            "113": 6,
            "103": 6,
            "68": 5,
            "69": 5,
            "86": 11,
            "87": 11,
            "84": 8,
            "85": 5,
            "46": -14,
            "47": -29,
            "44": -13,
            "45": -28,
            "42": 16,
            "41": 5,
            "116": 10,
            "104": 5,
            "105": 5,
            "120": 8,
            "100": 5,
            "77": 5,
            "76": 5,
            "75": 5,
            "74": -38,
            "73": 5,
            "72": 5,
            "71": 6,
            "70": 5,
            "102": 5,
            "90": 6,
            "93": 7,
            "101": 5,
            "106": -29,
            "107": 5,
            "97": -25,
            "78": 5,
            "99": 6,
            "39": 17,
            "59": -18,
            "58": -16,
            "121": 7,
            "98": 5,
            "108": 5,
            "34": 17,
            "109": 5,
            "110": 5
        },
        "97": {
            "118": -21,
            "39": -20,
            "89": -22,
            "59": 12,
            "58": 12,
            "46": 19,
            "106": 8,
            "44": 19,
            "42": -17,
            "119": -16,
            "34": -20,
            "116": -25,
            "121": -18,
            "63": -14,
            "64": -9,
            "84": -26,
            "67": -4,
            "81": -4,
            "86": -33,
            "87": -33,
            "79": -5
        },
        "105": {
            "39": 8,
            "46": 8,
            "47": 5,
            "44": 8,
            "45": 8,
            "42": 6,
            "34": 8,
            "120": 8,
            "88": 8,
            "74": -4,
            "116": 5
        },
        "115": {
            "116": -8,
            "89": -11,
            "66": -4,
            "82": -5,
            "80": -5,
            "119": -4,
            "118": -5,
            "84": -9,
            "86": -6,
            "46": 9,
            "47": -5,
            "44": 9,
            "45": 9,
            "42": -9,
            "87": -6,
            "121": -5,
            "74": -6,
            "39": -8,
            "59": 5,
            "58": 5,
            "34": -8,
            "63": -11
        },
        "109": {
            "39": 8,
            "46": 8,
            "47": 5,
            "44": 8,
            "45": 8,
            "42": 6,
            "34": 8,
            "120": 8,
            "88": 8,
            "74": -4,
            "116": 5
        },
        "83": {
            "68": -7,
            "89": -2,
            "110": -7,
            "66": -7,
            "82": -7,
            "80": -7,
            "86": -8,
            "87": -7,
            "85": -8,
            "46": 9,
            "47": -4,
            "44": 9,
            "45": 9,
            "42": 11,
            "116": 3,
            "76": -7,
            "75": -7,
            "74": -6,
            "72": -7,
            "102": -6,
            "90": -1,
            "101": -8,
            "39": 17,
            "59": 5,
            "58": 5,
            "34": 16,
            "109": -9
        },
        "100": {
            "39": 8,
            "59": 5,
            "58": 5,
            "46": 8,
            "44": 8,
            "45": 9,
            "42": 6,
            "34": 8,
            "116": 6,
            "125": 4,
            "119": 4,
            "84": 4
        },
        "119": {
            "39": 10,
            "97": -18,
            "46": -12,
            "47": -20,
            "44": -12,
            "42": 13,
            "41": 9,
            "63": 4,
            "64": -4,
            "65": -18,
            "93": 10,
            "34": 19,
            "106": -19,
            "74": -18,
            "125": 11
        },
        "120": {
            "39": 11,
            "59": 11,
            "58": 11,
            "46": 18,
            "44": 18,
            "45": -8,
            "34": 11,
            "64": -11,
            "67": -4,
            "81": -4,
            "79": -5
        },
        "77": {
            "39": 8,
            "59": 4,
            "58": 4,
            "46": 9,
            "47": 6,
            "44": 9,
            "45": 9,
            "42": 5,
            "34": 8,
            "88": 8,
            "74": -4,
            "116": 5,
            "119": 4
        },
        "76": {
            "89": -40,
            "64": -7,
            "65": -11,
            "83": -9,
            "119": -15,
            "118": -20,
            "84": -36,
            "86": -30,
            "63": -21,
            "46": 20,
            "47": 5,
            "44": 16,
            "45": -24,
            "42": -27,
            "87": -30,
            "121": -29,
            "74": -5,
            "39": -18,
            "59": 6,
            "58": 6,
            "34": -29,
            "116": -34
        },
        "75": {
            "122": 9,
            "115": 7,
            "68": 8,
            "116": 7,
            "64": -7,
            "110": 8,
            "66": 6,
            "112": 8,
            "82": 5,
            "83": 7,
            "80": 5,
            "119": 11,
            "100": 8,
            "84": 6,
            "46": 18,
            "47": 13,
            "44": 18,
            "41": 9,
            "105": 8,
            "77": 8,
            "98": 8,
            "75": 8,
            "109": 8,
            "73": 8,
            "72": 8,
            "70": 8,
            "102": 8,
            "90": 9,
            "93": 10,
            "101": 8,
            "106": 10,
            "107": 9,
            "104": 8,
            "78": 8,
            "118": 10,
            "39": 10,
            "59": 12,
            "58": 12,
            "121": 4,
            "114": 8,
            "108": 8,
            "34": 10,
            "125": 11
        },
        "74": {
            "39": 8,
            "46": 8,
            "44": 6,
            "45": 8,
            "42": 6,
            "34": 8,
            "116": 5,
            "65": 5,
            "97": 5
        },
        "73": {
            "39": 8,
            "46": 8,
            "47": 5,
            "44": 8,
            "45": 8,
            "42": 6,
            "34": 8,
            "120": 8,
            "88": 8,
            "74": -4,
            "116": 5
        },
        "72": {
            "39": 8,
            "46": 8,
            "47": 5,
            "44": 8,
            "45": 8,
            "42": 6,
            "34": 8,
            "120": 8,
            "88": 8,
            "74": -4,
            "116": 5
        },
        "71": {
            "59": 4,
            "58": 4,
            "46": 8,
            "47": -6,
            "44": 8,
            "45": 9,
            "74": -7,
            "89": -4,
            "66": -5,
            "82": -6,
            "83": -4,
            "80": -6,
            "84": -10
        },
        "70": {
            "39": 6,
            "84": -7,
            "46": -29,
            "47": -21,
            "44": -34,
            "45": 12,
            "42": 6,
            "41": -4,
            "115": -5,
            "74": -73,
            "97": -16,
            "65": -16,
            "83": -6,
            "34": 6,
            "106": -38,
            "79": -4
        },
        "91": {
            "118": 10,
            "120": 10,
            "39": 10,
            "59": 6,
            "58": 6,
            "46": 11,
            "47": 7,
            "44": 11,
            "45": 4,
            "42": 9,
            "119": 11,
            "34": 10,
            "116": 7,
            "121": 4,
            "88": 10,
            "63": 4,
            "97": 8,
            "65": 8,
            "86": 9,
            "87": 9,
            "84": 5
        },
        "90": {
            "39": 13,
            "46": 13,
            "47": 6,
            "44": 13,
            "45": -5,
            "42": 11,
            "34": 13,
            "120": 9,
            "88": 9,
            "116": 6,
            "125": 4,
            "84": 4
        },
        "93": {
            "39": 8,
            "46": 8,
            "47": 5,
            "44": 8,
            "45": 8,
            "42": 6,
            "34": 8
        },
        "101": {
            "39": 5,
            "46": 11,
            "44": 11,
            "45": 4,
            "42": 5,
            "34": 5,
            "74": -7,
            "64": -7,
            "66": -5,
            "67": -4,
            "82": -5,
            "80": -5,
            "81": -4,
            "79": -5
        },
        "102": {
            "115": -4,
            "89": -5,
            "64": -8,
            "65": -20,
            "66": -6,
            "67": -5,
            "82": -6,
            "83": -4,
            "80": -6,
            "81": -5,
            "46": -34,
            "47": -25,
            "44": -37,
            "45": 6,
            "42": 7,
            "79": -6,
            "74": -46,
            "106": -37,
            "97": -20,
            "39": 7,
            "59": -7,
            "58": -7,
            "34": 7
        },
        "107": {
            "122": 9,
            "115": 8,
            "68": 8,
            "63": -5,
            "64": -4,
            "110": 8,
            "66": 6,
            "112": 8,
            "82": 5,
            "83": 7,
            "80": 5,
            "100": 8,
            "46": 18,
            "47": 14,
            "44": 18,
            "41": 9,
            "105": 8,
            "77": 8,
            "98": 8,
            "75": 8,
            "109": 8,
            "73": 8,
            "72": 8,
            "70": 9,
            "102": 8,
            "90": 10,
            "93": 11,
            "101": 8,
            "106": 10,
            "107": 9,
            "104": 8,
            "78": 9,
            "39": 7,
            "59": 13,
            "58": 13,
            "114": 8,
            "108": 8,
            "34": 7,
            "116": 5,
            "125": 11
        },
        "79": {
            "39": 7,
            "59": 4,
            "58": 4,
            "46": 4,
            "47": -7,
            "44": 4,
            "45": 9,
            "34": 7,
            "120": -5,
            "74": -5,
            "106": -5,
            "65": -5,
            "86": -4,
            "87": -4,
            "97": -5
        },
        "78": {
            "39": 7,
            "59": 4,
            "58": 4,
            "46": 9,
            "47": 5,
            "44": 9,
            "45": 9,
            "42": 4,
            "34": 7,
            "120": 8,
            "74": -4,
            "116": 5
        },
        "118": {
            "39": 13,
            "59": -4,
            "58": -4,
            "46": -15,
            "47": -23,
            "44": -15,
            "42": 12,
            "34": 19,
            "63": 4,
            "64": -6,
            "65": -21,
            "97": -21,
            "106": -21,
            "74": -20
        },
        "99": {
            "39": 10,
            "116": 4,
            "46": 16,
            "47": 4,
            "44": 16,
            "45": -15,
            "42": 10,
            "34": 10,
            "74": -5,
            "64": -7,
            "82": -4,
            "80": -4
        },
        "39": {
            "122": 8,
            "125": 11,
            "112": 8,
            "104": 8,
            "102": 8,
            "88": 10,
            "63": 13,
            "111": 8,
            "65": -14,
            "113": 8,
            "67": 8,
            "68": 8,
            "69": 8,
            "81": 8,
            "86": 9,
            "87": 15,
            "84": 12,
            "85": 9,
            "123": 5,
            "117": 9,
            "46": -8,
            "47": -16,
            "44": -8,
            "45": -8,
            "42": 14,
            "40": 8,
            "41": 9,
            "116": 17,
            "97": -17,
            "105": 8,
            "115": 9,
            "109": 8,
            "83": 9,
            "100": 8,
            "119": 14,
            "120": 12,
            "77": 7,
            "76": 9,
            "75": 8,
            "74": -14,
            "73": 8,
            "72": 8,
            "71": 8,
            "70": 8,
            "91": 8,
            "90": 8,
            "93": 10,
            "101": 8,
            "106": -22,
            "107": 9,
            "79": 7,
            "78": 8,
            "118": 15,
            "99": 8,
            "39": 10,
            "59": -7,
            "58": -9,
            "121": 13,
            "98": 8,
            "108": 8,
            "35": 8,
            "34": 21,
            "89": 12,
            "114": 8,
            "103": 8,
            "110": 8
        },
        "59": {
            "88": 10,
            "116": -20,
            "65": 11,
            "86": -11,
            "118": -5,
            "84": -21,
            "46": 12,
            "47": 10,
            "44": 10,
            "45": 12,
            "42": -20,
            "87": -11,
            "120": 10,
            "122": 4,
            "123": 6,
            "125": 5,
            "90": 5,
            "93": 4,
            "106": 6,
            "97": 11,
            "39": -12,
            "59": 6,
            "58": 6,
            "34": -14,
            "63": -20
        },
        "58": {
            "88": 10,
            "116": -18,
            "65": 11,
            "86": -11,
            "118": -5,
            "84": -17,
            "46": 12,
            "47": 10,
            "44": 12,
            "45": 12,
            "42": -21,
            "87": -11,
            "120": 10,
            "122": 4,
            "123": 6,
            "125": 5,
            "90": 5,
            "93": 4,
            "106": 5,
            "97": 11,
            "39": -9,
            "59": 6,
            "58": 6,
            "34": -11,
            "63": -16
        },
        "121": {
            "39": 13,
            "46": -20,
            "47": -23,
            "44": -25,
            "45": 11,
            "42": 11,
            "34": 13,
            "74": -33,
            "65": -18,
            "106": -27,
            "97": -18
        },
        "98": {
            "39": 8,
            "59": 5,
            "58": 5,
            "46": 8,
            "44": 8,
            "45": 9,
            "42": 6,
            "34": 8,
            "116": 6,
            "125": 4,
            "119": 4,
            "84": 4
        },
        "108": {
            "88": 10,
            "89": -38,
            "64": -5,
            "119": -13,
            "118": -18,
            "84": -34,
            "86": -27,
            "63": -19,
            "46": 20,
            "47": 7,
            "44": 15,
            "45": -23,
            "42": -20,
            "87": -27,
            "120": 9,
            "121": -27,
            "125": 4,
            "39": -16,
            "59": 7,
            "58": 7,
            "34": -23,
            "116": -32
        },
        "117": {
            "39": 9,
            "59": 4,
            "58": 4,
            "46": 8,
            "44": 8,
            "45": 9,
            "42": 7,
            "34": 9,
            "74": -4,
            "116": 5
        },
        "34": {
            "122": 8,
            "125": 11,
            "112": 8,
            "104": 8,
            "102": 8,
            "88": 10,
            "63": 13,
            "111": 8,
            "65": -20,
            "113": 8,
            "67": 8,
            "68": 8,
            "69": 8,
            "81": 8,
            "86": 18,
            "87": 18,
            "84": 12,
            "85": 9,
            "123": 5,
            "117": 9,
            "46": -13,
            "47": -28,
            "44": -16,
            "45": -10,
            "42": 14,
            "40": 8,
            "41": 9,
            "116": 17,
            "97": -20,
            "105": 8,
            "115": 9,
            "109": 8,
            "83": 9,
            "100": 8,
            "119": 19,
            "120": 12,
            "77": 7,
            "76": 9,
            "75": 8,
            "74": -37,
            "73": 8,
            "72": 8,
            "71": 8,
            "70": 8,
            "91": 8,
            "90": 8,
            "93": 10,
            "101": 8,
            "106": -27,
            "107": 9,
            "79": 7,
            "78": 8,
            "118": 19,
            "99": 8,
            "39": 21,
            "59": -14,
            "58": -16,
            "121": 13,
            "98": 8,
            "108": 8,
            "35": 8,
            "89": 12,
            "114": 8,
            "103": 8,
            "110": 8
        },
        "89": {
            "39": 12,
            "46": -24,
            "47": -29,
            "44": -24,
            "45": 9,
            "42": 11,
            "34": 12,
            "74": -45,
            "65": -22,
            "82": -4,
            "80": -4,
            "106": -35,
            "97": -22
        },
        "106": {
            "39": 9,
            "59": 4,
            "58": 4,
            "46": 8,
            "47": 4,
            "44": 7,
            "45": 9,
            "42": 7,
            "34": 9,
            "116": 5,
            "97": 5,
            "65": 5,
            "84": 4
        },
        "114": {
            "39": 8,
            "59": 4,
            "58": 4,
            "46": 9,
            "47": 5,
            "44": 9,
            "45": 8,
            "42": 5,
            "34": 8,
            "120": 8,
            "88": 8,
            "74": -4,
            "116": 5
        },
        "111": {
            "39": 8,
            "59": 5,
            "58": 5,
            "46": 8,
            "44": 8,
            "45": 9,
            "42": 6,
            "34": 8,
            "116": 6,
            "125": 4,
            "119": 4,
            "84": 4
        },
        "103": {
            "59": 6,
            "58": 6,
            "46": 10,
            "44": 10,
            "45": 11,
            "63": -4,
            "84": -3,
            "74": -5
        },
        "110": {
            "39": 8,
            "46": 8,
            "47": 5,
            "44": 8,
            "45": 8,
            "42": 6,
            "34": 8,
            "120": 8,
            "88": 8,
            "74": -4,
            "116": 5
        }
    }
}
